,序號,詞語,等別,級別,情境,書面字頻(每百萬字),口語字頻(每百萬字),簡編本系統號,參考注音,參考漢語拼音,warning,definition
38,39,和,基礎,第1級,核心詞,5437,2135,"[['和', ['19016', '19190', '19725', '19883', '20369', '20436']]]",ㄏㄢˋ / ㄏㄜˊ,hàn/hé,True,
125,126,臺灣人/台灣人,基礎,第1級,1.個人資料,5,11,[],ㄊㄞˊ ㄨㄢ  ㄖㄣˊ  ,táiwānrén,False,
1420,1421,沒(有)用,進階,第4級,核心詞,0,0,[],ㄇㄟˊ (ㄧㄡˇ) ㄩㄥˋ,méi(yǒu)yòng,False,
1525,1526,一邊(兒),進階,第4級,核心詞,137,65,[],ㄧˋ ㄅㄧㄢ(ㄦ),yìbiān(r),False,
1624,1625,巷口,進階,第4級,2.日常起居,3,1,[],ㄒㄧㄤˋ ㄎㄡˇ,xiàngkǒu,False,
1826,1827,中文系,進階,第4級,8.教育、學習,3,3,[],ㄓㄨㄥ ㄨㄣˊ ㄒㄧˋ,zhōngwénxì,False,
2246,2247,拉鍊,進階,第4*級,9.購物、商店,2,0,"[['拉鍊', ['13167']]]",ㄌㄚ ㄌㄧㄢˋ,lāliàn,False,
2512,2513,吸菸,進階,第4*級,2.日常起居,6,2,"[['吸菸', ['26248']]]",ㄒㄧ ㄧㄢ,xīyān,False,
3709,3710,看診,進階,第5級,7.身體、醫療,6,10,"[['看診', ['45269']]]",ㄎㄢˋ ㄓㄣˇ,kànzhěn,False,
3781,3782,冷冰冰,進階,第5級,16.情緒、態度,4,3,"[['冷冰冰', ['13864']]]",ㄌㄥˇ ㄅㄧㄥ ㄅㄧㄥ,lěngbīngbīng,False,
4044,4045,評量,進階,第5級,8.教育、學習,20,4,"[['評量', ['3378']]]",ㄆㄧㄥˊ ㄌㄧㄤˊ,píngliáng,False,
4062,4063,奇蹟,進階,第5級,核心詞,31,24,"[['奇蹟', ['24507']]]",ㄑㄧˊ ㄐㄧ,qíjī,False,
4073,4074,企業界,進階,第5級,3.職業,13,6,[],ㄑㄧˋ ㄧㄝˋ ㄐㄧㄝˋ,qìyèjiè,False,
4236,4237,傻事,進階,第5級,核心詞,3,1,"[['傻事', ['33876']]]",ㄕㄚˇ ㄕˋ,shǎshì,False,
4252,4253,上鎖,進階,第5級,2.日常起居,4,1,[],ㄕㄤˋ ㄙㄨㄛˇ,shàngsuǒ,False,
4276,4277,身旁,進階,第5級,核心詞,33,5,[],ㄕㄣ ㄆㄤˊ,shēnpáng,False,
4339,4340,石子,進階,第5級,13.自然環境,7,1,[],ㄕˊ ˙ㄗ,shízi,False,
4417,4418,痠痛,進階,第5級,7.身體、醫療,8,5,"[['痠痛', ['39229']]]",ㄙㄨㄢ ㄊㄨㄥˋ,suāntòng,False,
4418,4419,算帳,進階,第5級,核心詞,3,1,"[['算帳', ['39248']]]",ㄙㄨㄢˋ ㄓㄤˋ,suànzhàng,False,
4648,4649,舞台劇,進階,第5級,4.休閒、娛樂,5,5,[],ㄨˇㄊㄞˊㄐㄩˋ,wǔtáijù,False,
4694,4695,閒逛,進階,第5級,4.休閒、娛樂,5,1,"[['閒逛', ['27367']]]",ㄒㄧㄢˊ ㄍㄨㄤˋ,xiánguàng,False,
4700,4701,限量,進階,第5級,9.購物、商店,2,3,"[['限量', ['27504', '27505']]]",ㄒㄧㄢˋ ㄌㄧㄤˋ,xiànliàng,False,
4722,4723,項鍊,進階,第5級,9.購物、商店,8,8,"[['項鍊', ['28083']]]",ㄒㄧㄤˋ ㄌㄧㄢˋ,xiàngliàn,False,
4756,4757,新進,進階,第5級,3.職業,8,4,"[['新進', ['27752']]]",ㄒㄧㄣ ㄐㄧㄣˋ,xīnjìn,False,
4986,4987,原來如此,進階,第5級,核心詞,7,6,"[['原來如此', ['44759']]]",ㄩㄢˊ ㄌㄞˊ ㄖㄨˊ ㄘˇ,yuánláirúcǐ,False,
5139,5140,之餘,進階,第5級,核心詞,23,9,[],ㄓ ㄩˊ,zhīyú,False,
5223,5224,轉帳,進階,第5級,11.公共服務,1,1,"[['轉帳', ['30984']]]",ㄓㄨㄢˇ ㄓㄤˋ,zhuǎnzhàng,False,
5549,5550,長久以來,精熟,第6級,,14,7,[],ㄔㄤˊ ㄐㄧㄡˇ ㄧˇ ㄌㄞˊ,chángjiǔyǐlái,False,
5561,5562,超乎,精熟,第6級,,11,4,[],ㄔㄠ ㄏㄨ,chāohū,False,
5656,5657,觸控,精熟,第6級,,2,14,[],ㄔㄨˋ ㄎㄨㄥˋ,chùkòng,False,
5763,5764,大夥兒,精熟,第6級,,12,3,"[['大夥兒', ['7150']]]",ㄉㄚˋ ㄏㄨㄛˇㄦ,dàhuǒr,False,
5768,5769,大開眼界,精熟,第6級,,3,3,"[['大開眼界', ['7121']]]",ㄉㄚˋ ㄎㄞ ㄧㄢˇ ㄐㄧㄝˋ,dàkāiyǎnjiè,False,
5776,5777,大勢,精熟,第6級,,7,1,"[['大勢', ['7308']]]",ㄉㄚˋ ㄕˋ,dàshì,False,
5906,5907,動線,精熟,第6級,,2,4,"[['動線', ['45260']]]",ㄉㄨㄥˋ ㄒㄧㄢˋ,dòngxiàn,False,
5951,5952,多采多姿,精熟,第6級,,4,2,"[['多采多姿', ['9415']]]",ㄉㄨㄛ ㄘㄞˇ ㄉㄨㄛ ㄗ,duōcǎiduōzī,False,
5956,5957,多加,精熟,第6級,,8,6,[],ㄉㄨㄛ ㄐㄧㄚ,duōjiā,False,
6012,6013,氾濫,精熟,第6級,,7,12,"[['氾濫', ['5651']]]",ㄈㄢˋ ㄌㄢˋ,fànlàn,False,
6211,6212,隔年,精熟,第6級,,9,13,[],ㄍㄜˊ ㄋㄧㄢˊ,génián,False,
6647,6648,艱困,精熟,第6級,,5,8,"[['艱困', ['22856']]]",ㄐㄧㄢ ㄎㄨㄣˋ,jiānkùn,False,
6719,6720,藉機,精熟,第6級,,5,3,"[['藉機', ['22282']]]",ㄐㄧㄝˋ ㄐㄧ,jièjī,False,
6723,6724,街角,精熟,第6級,,5,1,"[['街角', ['22039']]]",ㄐㄧㄝ ㄐㄧㄠˇ,jiējiǎo,False,
6738,6739,結實,精熟,第6級,,13,7,"[['結實', ['22044', '22090']]]",ㄐㄧㄝˊ ㄕˊ,jiéshí,True,
6784,6785,僅有,精熟,第6級,,16,7,"[['僅有', ['23233']]]",ㄐㄧㄣˇ ㄧㄡˇ,jǐnyǒu,False,
6799,6800,經理人,精熟,第6級,,33,1,[],ㄐㄧㄥ ㄌㄧˇ ㄖㄣˊ,jīnglǐrén,False,
6858,6859,居於,精熟,第6級,,7,1,[],ㄐㄩ ㄩˊ,jūyú,False,
6945,6946,空檔,精熟,第6級,,9,8,"[['空檔', ['18909', '18977']]]",ㄎㄨㄥˋ ㄉㄤˇ,kòngdǎng,True,
7354,7355,年齡層,精熟,第6級,,6,4,"[['年齡層', ['12784']]]",ㄋㄧㄢˊ ㄌㄧㄥˊ ㄘㄥˊ,niánlíngcéng,False,
7377,7378,暖身,精熟,第6級,,3,2,"[['暖身', ['12990']]]",ㄋㄨㄢˇ ㄕㄣ,nuǎnshēn,False,
7402,7403,徬徨,精熟,第6級,,7,4,"[['徬徨', ['2860']]]",ㄆㄤˊ ㄏㄨㄤˊ,pánghuáng,False,
7684,7685,取自,精熟,第6級,,5,2,[],ㄑㄩˇ ㄗˋ,qǔzì,False,
7817,7818,閃閃發光,精熟,第6級,,7,1,"[['閃閃發光', ['34496']]]",ㄕㄢˇ ㄕㄢˇ ㄈㄚ ㄍㄨㄤ,shǎnshǎnfāguāng,False,
7841,7842,上上下下,精熟,第6級,,4,2,"[['上上下下', ['34942']]]",ㄕㄤˋ ㄕㄤˋ ㄒㄧㄚˋ ㄒㄧㄚˋ,shàngshàngxiàxià,False,
7861,7862,涉入,精熟,第6級,,6,2,[],ㄕㄜˋ ㄖㄨˋ,shèrù,False,
7945,7946,事蹟,精熟,第6級,,15,5,"[['事蹟', ['33653']]]",ㄕˋ ㄐㄧ,shìjī,False,
7981,7982,視聽,精熟,第6級,,4,3,"[['視聽', ['33552']]]",ㄕˋ ㄊㄧㄥ,shìtīng,False,
8090,8091,說穿,精熟,第6級,,6,3,"[['說穿', ['35538']]]",ㄕㄨㄛ ㄔㄨㄢ,shuōchuān,False,
8097,8098,四海,精熟,第6級,,9,2,"[['四海', ['38655']]]",ㄙˋ ㄏㄞˇ,sìhǎi,False,
8142,8143,隨從,精熟,第6級,,13,0,"[['隨從', ['39193', '39194']]]",ㄙㄨㄟˊ ㄗㄨㄥˋ,suízòng,True,
8162,8163,台階,精熟,第6級,,13,3,[],ㄊㄞˊ ㄐㄧㄝ,táijiē,False,
8479,8480,席次,精熟,第6級,,2,4,"[['席次', ['26359']]]",ㄒㄧˊ ㄘˋ,xícì,False,
8513,8514,下文,精熟,第6級,,5,2,"[['下文', ['26667']]]",ㄒㄧㄚˋ ㄨㄣˊ,xiàwén,False,
8594,8595,笑咪咪,精熟,第6級,,3,2,"[['笑咪咪', ['27135']]]",ㄒㄧㄠˋ ㄇㄧ ㄇㄧ,xiàomīmī,False,
8628,8629,心安,精熟,第6級,,4,2,[],ㄒㄧㄣ ㄢ,xīnān,False,
8671,8672,興起,精熟,第6級,,23,13,"[['興起', ['28157', '28343']]]",ㄒㄧㄥˋ ㄑㄧˇ,xìngqǐ,True,
8895,8896,依序,精熟,第6級,,7,3,"[['依序', ['40278']]]",ㄧ ㄒㄩˋ,yīxù,False,
8904,8905,譯註,精熟,第6級,,23,0,[],ㄧˋ ㄓㄨˋ,yìzhù,False,
8945,8946,用兵,精熟,第6級,,8,0,"[['用兵', ['45092']]]",ㄩㄥˋ ㄅㄧㄥ,yòngbīng,False,
9044,9045,源源不絕,精熟,第6級,,5,7,"[['源源不絕', ['44818']]]",ㄩㄢˊ ㄩㄢˊ ㄅㄨˋ ㄐㄩㄝˊ,yuányuánbùjué,False,
9072,9073,在在,精熟,第6級,,8,4,"[['在在', ['37085']]]",ㄗㄞˋ ㄗㄞˋ,zàizài,False,
9076,9077,讚歎,精熟,第6級,,5,2,[],ㄗㄢˋ ㄊㄢˋ,zàntàn,False,
9228,9229,致勝,精熟,第6級,,6,1,"[['致勝', ['29278']]]",ㄓˋ ㄕㄥˋ,zhìshèng,False,
9239,9240,知性,精熟,第6級,,6,1,"[['知性', ['28958']]]",ㄓ ㄒㄧㄥˋ,zhīxìng,False,
9267,9268,重責大任,精熟,第6級,,3,1,"[['重責大任', ['31333']]]",ㄓㄨㄥˋ ㄗㄜˊ ㄉㄚˋ ㄖㄣˋ,zhòngzédàrèn,False,
9292,9293,助人,精熟,第6級,,12,10,"[['助人', ['30669']]]",ㄓㄨˋ ㄖㄣˊ,zhùrén,False,
9381,9382,自知,精熟,第6級,,11,1,[],ㄗˋ ㄓ,zìzhī,False,
9385,9386,縱,精熟,第6級,,19,3,"[['縱', ['37678', '37736']]]",ㄗㄨㄥ,zōng,True,
9439,9440,愛恨,精熟,第7級,,3,2,[],ㄞˋㄏㄣˋ,àihèn,False,
9443,9444,礙於,精熟,第7級,,4,3,[],ㄞˋ ㄩˊ,àiyú,False,
9492,9493,拔腿就跑,精熟,第7級,,2,0,"[['拔腿就跑', ['49']]]",ㄅㄚˊ ㄊㄨㄟˇ ㄐㄧㄡˋ ㄆㄠˇ,bátuǐjiùpǎo,False,
9501,9502,擺盪,精熟,第7級,,4,4,"[['擺盪', ['396']]]",ㄅㄞˇ ㄉㄤˋ,bǎidàng,False,
9514,9515,百態,精熟,第7級,,2,3,[],ㄅㄞˇ ㄊㄞˋ,bǎitài,False,
9534,9535,包覆,精熟,第7級,,4,5,"[['包覆', ['45197']]]",ㄅㄠ ㄈㄨˋ,bāofù,False,
9565,9566,悲情,精熟,第7級,,3,5,"[['悲情', ['519']]]",ㄅㄟ ㄑㄧㄥˊ,bēiqíng,False,
9571,9572,備感,精熟,第7級,,3,1,[],ㄅㄟˋㄍㄢˇ,bèigǎn,False,
9594,9595,閉口,精熟,第7級,,3,1,[],ㄅㄧˋㄎㄡˇ,bìkǒu,False,
9595,9596,畢露,精熟,第7級,,3,0,[],ㄅㄧˋ ㄌㄨˋ,bìlù,False,
9600,9601,閉目,精熟,第7級,,3,0,[],ㄅㄧˋ ㄇㄨˋ,bìmù,False,
9627,9628,遍野,精熟,第7級,,4,3,[],ㄅㄧㄢˋ ㄧㄝˇ,biànyě,False,
9719,9720,布條,精熟,第7級,,3,4,"[['布條', ['2351']]]",ㄅㄨˋ ㄊㄧㄠˊ,bùtiáo,False,
9747,9748,採收,精熟,第7級,,5,75,"[['採收', ['38004']]]",ㄘㄞˇ ㄕㄡ,cǎishōu,False,
9760,9761,參訪,精熟,第7級,,4,12,[],ㄘㄢ ㄈㄤˇ,cānfǎng,False,
9782,9783,草創,精熟,第7級,,3,3,"[['草創', ['38084']]]",ㄘㄠˇ ㄔㄨㄤˋ,cǎochuàng,False,
9811,9812,纏鬥,精熟,第7級,,3,1,"[['纏鬥', ['31947']]]",ㄔㄢˊ ㄉㄡˋ,chándòu,False,
9820,9821,摻雜,精熟,第7級,,4,1,"[['摻雜', ['31911']]]",ㄔㄢ ㄗㄚˊ,chānzá,False,
9823,9824,長程,精熟,第7級,,3,2,"[['長程', ['32145']]]",ㄔㄤˊ ㄔㄥˊ,chángchéng,False,
9833,9834,長篇大論,精熟,第7級,,3,1,"[['長篇大論', ['32105']]]",ㄔㄤˊ ㄆㄧㄢ ㄉㄚˋ ㄌㄨㄣˋ,chángpiāndàlùn,False,
9852,9853,朝政,精熟,第7級,,9,0,"[['朝政', ['31780']]]",ㄔㄠˊ ㄓㄥˋ,cháozhèng,False,
9854,9855,扯上,精熟,第7級,,4,1,[],ㄔㄜˇㄕㄤˋ,chěshàng,False,
9897,9898,稱奇,精熟,第7級,,2,0,[],ㄔㄥ ㄑㄧˊ,chēngqí,False,
9962,9963,愁容,精熟,第7級,,3,1,"[['愁容', ['31861']]]",ㄔㄡˊ ㄖㄨㄥˊ,chóuróng,False,
9969,9970,出關,精熟,第7級,,2,2,[],ㄔㄨ ㄍㄨㄢ,chūguān,False,
9999,10000,串連,精熟,第7級,,4,10,[],ㄔㄨㄢˋ ㄌㄧㄢˊ,chuànlián,False,
10028,10029,純然,精熟,第7級,,3,1,"[['純然', ['32928']]]",ㄔㄨㄣˊ ㄖㄢˊ,chúnrán,False,
10042,10043,辭彙,精熟,第7級,,4,0,"[['辭彙', ['37829']]]",ㄘˊ ㄏㄨㄟˋ,cíhuì,False,
10068,10069,粗聲粗氣,精熟,第7級,,1,0,[],ㄘㄨ ㄕㄥ ㄘㄨ ㄑㄧˋ,cūshēngcūqì,False,
10079,10080,存疑,精熟,第7級,,4,1,"[['存疑', ['38425']]]",ㄘㄨㄣˊ ㄧˊ,cúnyí,False,
10104,10105,大老,精熟,第7級,,4,1,"[['大老', ['7064']]]",ㄉㄚˋ ㄌㄠˇ,dàlǎo,False,
10116,10117,大手筆,精熟,第7級,,2,1,"[['大手筆', ['7313']]]",ㄉㄚˋ ㄕㄡˇ ㄅㄧˇ,dàshǒubǐ,False,
10123,10124,大相逕庭,精熟,第7級,,2,1,"[['大相逕庭', ['7229']]]",ㄉㄚˋ ㄒㄧㄤ ㄐㄧㄥˋ ㄊㄧㄥˊ,dàxiāngjìngtíng,False,
10150,10151,旦夕,精熟,第7級,,4,1,[],ㄉㄢˋ ㄒㄧˋ,dànxì,False,
10155,10156,當差,精熟,第7級,,3,0,"[['當差', ['8053']]]",ㄉㄤ ㄔㄞ,dāngchāi,False,
10161,10162,當頭棒喝,精熟,第7級,,2,1,"[['當頭棒喝', ['8029']]]",ㄉㄤ ㄊㄡˊ ㄅㄤˋ ㄏㄜˋ,dāngtóubànghè,False,
10166,10167,倒過來,精熟,第7級,,3,3,[],ㄉㄠˋ ㄍㄨㄛˋ ㄌㄞˊ,dàoguòlái,False,
10200,10201,敵不過,精熟,第7級,,2,1,[],ㄉㄧˊㄅㄨˊㄍㄨㄛˋ,díbúguò,False,
10275,10276,棟樑,精熟,第7級,,1,0,[],ㄉㄨㄥˋ ㄌㄧㄤˊ,dòngliáng,False,
10311,10312,獨門,精熟,第7級,,3,2,"[['獨門', ['9226']]]",ㄉㄨˊ ㄇㄣˊ,dúmén,False,
10317,10318,獨享,精熟,第7級,,2,1,"[['獨享', ['9254']]]",ㄉㄨˊ ㄒㄧㄤˇ,dúxiǎng,False,
10324,10325,端視,精熟,第7級,,3,0,[],ㄉㄨㄢ ㄕˋ,duānshì,False,
10350,10351,多難,精熟,第7級,,3,2,"[['多難', ['9382']]]",ㄉㄨㄛ ㄋㄢˋ,duōnàn,False,
10406,10407,泛黃,精熟,第7級,,2,2,[],ㄈㄢˋ ㄏㄨㄤˊ,fànhuáng,False,
10440,10441,非比尋常,精熟,第7級,,4,2,[],ㄈㄟ ㄅㄧˇ ㄒㄩㄣˊ ㄔㄤˊ,fēibǐxúncháng,False,
10470,10471,分工合作,精熟,第7級,,3,3,"[['分工合作', ['5735']]]",ㄈㄣ ㄍㄨㄥ ㄏㄜˊ ㄗㄨㄛˋ,fēngōnghézuò,False,
10473,10474,分際,精熟,第7級,,3,1,[],ㄈㄣˋ ㄐㄧˋ,fènjì,False,
10499,10500,豐功偉業,精熟,第7級,,2,1,"[['豐功偉業', ['6223']]]",ㄈㄥ ㄍㄨㄥ ㄨㄟˇ ㄧㄝˋ,fēnggōngwěiyè,False,
10547,10548,浮生,精熟,第7級,,3,1,"[['浮生', ['6377']]]",ㄈㄨˊ ㄕㄥ,fúshēng,False,
10571,10572,概略,精熟,第7級,,2,0,"[['概略', ['16032']]]",ㄍㄞˋ ㄌㄩㄝˋ,gàilüè,False,
10612,10613,高照,精熟,第7級,,3,2,[],ㄍㄠ ㄓㄠˋ,gāozhào,False,
10625,10626,擱下,精熟,第7級,,3,0,"[['擱下', ['15833']]]",ㄍㄜ ㄒㄧㄚˋ,gēxià,False,
10633,10634,根深柢固,精熟,第7級,,4,1,"[['根深柢固', ['16483']]]",ㄍㄣ ㄕㄣ ㄉㄧˇ ㄍㄨˋ,gēnshēndǐgù,False,
10634,10635,根植,精熟,第7級,,2,0,[],ㄍㄣ ㄓˊ,gēnzhí,False,
10642,10643,更形,精熟,第7級,,4,2,[],ㄍㄥˋ ㄒㄧㄥˊ,gèngxíng,False,
10663,10664,功勳,精熟,第7級,,4,0,[],ㄍㄨㄥ ㄒㄩㄣ,gōngxūn,False,
10668,10669,攻佔,精熟,第7級,,5,1,[],ㄍㄨㄥ ㄓㄢˋ,gōngzhàn,False,
10689,10690,孤軍,精熟,第7級,,6,8,"[['孤軍', ['16657']]]",ㄍㄨ ㄐㄩㄣ,gūjūn,False,
10690,10691,孤苦,精熟,第7級,,2,2,"[['孤苦', ['16652']]]",ㄍㄨ ㄎㄨˇ,gūkǔ,False,
10703,10704,鼓足,精熟,第7級,,2,1,[],ㄍㄨˇㄗㄨˊ,gǔzú,False,
10720,10721,關鍵點,精熟,第7級,,3,2,[],ㄍㄨㄢ ㄐㄧㄢˋㄉㄧㄢˇ,guānjiàndiǎn,False,
10735,10736,慣於,精熟,第7級,,3,0,[],ㄍㄨㄢˋ ㄩˊ,guànyú,False,
10736,10737,觀照,精熟,第7級,,6,2,"[['觀照', ['17396']]]",ㄍㄨㄢ ㄓㄠˋ,guānzhào,False,
10737,10738,觀眾席,精熟,第7級,,4,2,[],ㄍㄨㄢ ㄓㄨㄥˋㄒㄧˊ,guānzhòngxí,False,
10739,10740,光采,精熟,第7級,,3,1,[],ㄍㄨㄤ ㄘㄞˇ,guāngcǎi,False,
10764,10765,圭臬,精熟,第7級,,2,1,[],ㄍㄨㄟ ㄋㄧㄝˋ,guīniè,False,
10782,10783,過路財神,精熟,第7級,,0,0,"[['過路財神', ['17103']]]",ㄍㄨㄛˋ ㄌㄨˋ ㄘㄞˊ ㄕㄣˊ,guòlùcáishén,False,
10810,10811,寒顫,精熟,第7級,,3,1,"[['寒顫', ['19671']]]",ㄏㄢˊ ㄓㄢˋ,hánzhàn,False,
10862,10863,黑漆漆,精熟,第7級,,2,3,"[['黑漆漆', ['19353']]]",ㄏㄟ ㄑㄧ ㄑㄧ,hēiqīqī,False,
10877,10878,轟隆隆,精熟,第7級,,3,1,[],ㄏㄨㄥ ㄌㄨㄥˊㄌㄨㄥˊ,hōnglónglóng,False,
10890,10891,後患,精熟,第7級,,3,1,"[['後患', ['19578']]]",ㄏㄡˋ ㄏㄨㄢˋ,hòuhuàn,False,
10990,10991,毀於一旦,精熟,第7級,,0,0,"[['毀於一旦', ['20606']]]",ㄏㄨㄟˇ ㄩˊ ㄧ ㄉㄢˋ,huǐyúyīdàn,False,
10992,10993,迴路,精熟,第7級,,15,4,[],ㄏㄨㄟˊㄌㄨˋ,huílù,False,
11022,11023,獲益良多,精熟,第7級,,0,0,[],ㄏㄨㄛˋ ㄧˋ ㄌㄧㄤˊ ㄉㄨㄛ,huòyìliángduō,False,
11027,11028,集大成,精熟,第7級,,2,1,[],ㄐㄧˊ ㄉㄚˋ ㄔㄥˊ,jídàchéng,False,
11032,11033,嫉惡如仇,精熟,第7級,,1,0,"[['嫉惡如仇', ['21468']]]",ㄐㄧˊ ㄜˋ ㄖㄨˊ ㄔㄡˊ,jíèrúchóu,False,
11045,11046,擊垮,精熟,第7級,,3,1,[],ㄐㄧˊ ㄎㄨㄚˇ,jíkuǎ,False,
11055,11056,擊破,精熟,第7級,,4,1,"[['擊破', ['21509']]]",ㄐㄧˊ ㄆㄛˋ,jípò,False,
11056,11057,記取,精熟,第7級,,3,4,"[['記取', ['21606']]]",ㄐㄧˋ ㄑㄩˇ,jìqǔ,False,
11107,11108,家務事,精熟,第7級,,4,1,[],ㄐㄧㄚ ㄨˋ ㄕˋ,jiāwùshì,False,
11136,11137,健將,精熟,第7級,,3,1,"[['健將', ['23040']]]",ㄐㄧㄢˋ ㄐㄧㄤˋ,jiànjiàng,False,
11139,11140,艱鉅,精熟,第7級,,4,4,"[['艱鉅', ['22858']]]",ㄐㄧㄢ ㄐㄩˋ,jiānjù,False,
11149,11150,艱澀,精熟,第7級,,3,1,"[['艱澀', ['22862']]]",ㄐㄧㄢ ㄙㄜˋ,jiānsè,False,
11163,11164,健在,精熟,第7級,,3,2,"[['健在', ['23046']]]",ㄐㄧㄢˋ ㄗㄞˋ,jiànzài,False,
11180,11181,交疊,精熟,第7級,,4,1,[],ㄐㄧㄠ ㄉㄧㄝˊ,jiāodié,False,
11207,11208,叫座,精熟,第7級,,3,0,"[['叫座', ['22513']]]",ㄐㄧㄠˋ ㄗㄨㄛˋ,jiàozuò,False,
11219,11220,藉故,精熟,第7級,,2,1,"[['藉故', ['22280']]]",ㄐㄧㄝˋ ㄍㄨˋ,jiègù,False,
11244,11245,街友,精熟,第7級,,1,3,[],ㄐㄧㄝ ㄧㄡˇ,jiēyǒu,False,
11250,11251,接踵而至,精熟,第7級,,2,1,[],ㄐㄧㄝ ㄓㄨㄥˇ ㄦˊ ㄓˋ,jiēzhǒngérzhì,False,
11252,11253,藉助,精熟,第7級,,4,3,"[['藉助', ['22283']]]",ㄐㄧㄝˋ ㄓㄨˋ,jièzhù,False,
11266,11267,金光閃閃,精熟,第7級,,0,0,[],ㄐㄧㄣ ㄍㄨㄤ ㄕㄢˇ ㄕㄢˇ,jīnguāngshǎnshǎn,False,
11275,11276,筋疲力竭,精熟,第7級,,5,1,"[['筋疲力竭', ['23217']]]",ㄐㄧㄣ ㄆㄧˊ ㄌㄧˋ ㄐㄧㄝˊ,jīnpílìjié,False,
11277,11278,盡其所能,精熟,第7級,,2,1,[],ㄐㄧㄣˋ ㄑㄧˊ ㄙㄨㄛˇ ㄋㄥˊ,jìnqísuǒnéng,False,
11283,11284,盡失,精熟,第7級,,4,1,[],ㄐㄧㄣˋ ㄕ,jìnshī,False,
11288,11289,浸淫,精熟,第7級,,4,1,"[['浸淫', ['23314']]]",ㄐㄧㄣˋ ㄧㄣˊ,jìnyín,False,
11289,11290,金銀財寶,精熟,第7級,,4,1,[],ㄐㄧㄣ ㄧㄣˊㄘㄞˊ ㄅㄠˇ,jīnyíncáibǎo,False,
11292,11293,緊張兮兮,精熟,第7級,,2,1,[],ㄐㄧㄣˇ ㄓㄤ ㄒㄧ ㄒㄧ,jǐnzhāngxīxī,False,
11294,11295,緊追不捨,精熟,第7級,,2,0,"[['緊追不捨', ['23261']]]",ㄐㄧㄣˇ ㄓㄨㄟ ㄅㄨˋ ㄕㄜˇ,jǐnzhuībùshě,False,
11332,11333,井水,精熟,第7級,,3,1,[],ㄐㄧㄥˇ ㄕㄨㄟˇ,jǐngshuǐ,False,
11338,11339,驚豔,精熟,第7級,,3,4,"[['驚豔', ['45214']]]",ㄐㄧㄥ ㄧㄢˋ,jīngyàn,False,
11384,11385,局外人,精熟,第7級,,4,1,"[['局外人', ['23894']]]",ㄐㄩˊ ㄨㄞˋ ㄖㄣˊ,júwàirén,False,
11386,11387,鉅細靡遺,精熟,第7級,,4,2,"[['鉅細靡遺', ['23997']]]",ㄐㄩˋ ㄒㄧˋ ㄇㄧˇ ㄧˊ,jùxìmǐyí,False,
11402,11403,決然,精熟,第7級,,3,5,"[['決然', ['24102']]]",ㄐㄩㄝˊ ㄖㄢˊ,juérán,False,
11403,11404,絕少,精熟,第7級,,2,1,[],ㄐㄩㄝˊ ㄕㄠˇ,juéshǎo,False,
11420,11421,據以,精熟,第7級,,3,0,[],ㄐㄩˋㄧˇ,jùyǐ,False,
11432,11433,慨然,精熟,第7級,,2,0,"[['慨然', ['18236']]]",ㄎㄞˇ ㄖㄢˊ,kǎirán,False,
11452,11453,克敵,精熟,第7級,,3,1,"[['克敵', ['18030']]]",ㄎㄜˋ ㄉㄧˊ,kèdí,False,
11469,11470,空檔,精熟,第7級,,9,8,"[['空檔', ['18909', '18977']]]",ㄎㄨㄥˋ ㄉㄤˇ,kòngdǎng,True,
11492,11493,苦讀,精熟,第7級,,4,3,[],ㄎㄨˇ ㄉㄨˊ,kǔdú,False,
11495,11496,枯黃,精熟,第7級,,2,3,[],ㄎㄨ ㄏㄨㄤˊ,kūhuáng,False,
11512,11513,誇讚,精熟,第7級,,4,1,"[['誇讚', ['18636']]]",ㄎㄨㄚ ㄗㄢˋ,kuāzàn,False,
11531,11532,綑綁,精熟,第7級,,3,3,"[['綑綁', ['18824']]]",ㄎㄨㄣˇ ㄅㄤˇ,kǔnbǎng,False,
11534,11535,困難重重,精熟,第7級,,2,3,[],ㄎㄨㄣˋ ㄋㄢˊㄔㄨㄥˊ ㄔㄨㄥˊ,kùnnánchóngchóng,False,
11539,11540,來來往往,精熟,第7級,,2,2,"[['來來往往', ['13278']]]",ㄌㄞˊ ㄌㄞˊ ㄨㄤˇ ㄨㄤˇ,láiláiwǎngwǎng,False,
11542,11543,來勢洶洶,精熟,第7級,,2,3,[],ㄌㄞˊ ㄕˋ ㄒㄩㄥ ㄒㄩㄥ,láishìxiōngxiōng,False,
11557,11558,牢不可破,精熟,第7級,,2,0,"[['牢不可破', ['13425']]]",ㄌㄠˊ ㄅㄨˋ ㄎㄜˇ ㄆㄛˋ,láobùkěpò,False,
11596,11597,歷久不衰,精熟,第7級,,3,1,"[['歷久不衰', ['14260']]]",ㄌㄧˋ ㄐㄧㄡˇ ㄅㄨˋ ㄕㄨㄞ,lìjiǔbùshuāi,False,
11610,11611,立意,精熟,第7級,,3,3,"[['立意', ['14166']]]",ㄌㄧˋ ㄧˋ,lìyì,False,
11612,11613,立於,精熟,第7級,,4,0,[],ㄌㄧˋ ㄩˊ,lìyú,False,
11621,11622,連根拔起,精熟,第7級,,0,0,"[['連根拔起', ['14636']]]",ㄌㄧㄢˊ ㄍㄣ ㄅㄚˊ ㄑㄧˇ,liángēnbáqǐ,False,
11640,11641,兩頰,精熟,第7級,,3,1,"[['兩頰', ['15010']]]",ㄌㄧㄤˇ ㄐㄧㄚˊ,liǎngjiá,False,
11682,11683,凜然,精熟,第7級,,3,1,"[['凜然', ['14922']]]",ㄌㄧㄣˇ ㄖㄢˊ,lǐnrán,False,
11685,11686,領兵,精熟,第7級,,6,0,[],ㄌㄧㄥˇ ㄅㄧㄥ,lǐngbīng,False,
11772,11773,邁開,精熟,第7級,,3,1,[],ㄇㄞˋ ㄎㄞ,màikāi,False,
11790,11791,莽夫,精熟,第7級,,2,0,[],ㄇㄤˇ ㄈㄨ,mǎngfū,False,
11799,11800,卯足,精熟,第7級,,2,2,[],ㄇㄠˇ ㄗㄨˊ,mǎozú,False,
11811,11812,門縫,精熟,第7級,,4,1,"[['門縫', ['4235']]]",ㄇㄣˊ ㄈㄥˋ,ménfèng,False,
11814,11815,悶氣,精熟,第7級,,3,2,"[['悶氣', ['4272', '4225']]]",ㄇㄣˋ ㄑㄧˋ,mènqì,False,
11875,11876,明快,精熟,第7級,,3,1,"[['明快', ['4889']]]",ㄇㄧㄥˊ ㄎㄨㄞˋ,míngkuài,False,
11888,11889,明說,精熟,第7級,,3,0,[],ㄇㄧㄥˊ ㄕㄨㄛ,míngshuō,False,
11898,11899,莫測,精熟,第7級,,3,1,[],ㄇㄛˋ ㄘㄜˋ,mòcè,False,
11926,11927,母性,精熟,第7級,,3,1,"[['母性', ['4971']]]",ㄇㄨˇ ㄒㄧㄥˋ,mǔxìng,False,
11944,11945,難言,精熟,第7級,,2,1,[],ㄋㄢˊ ㄧㄢˊ,nányán,False,
11996,11997,偶發,精熟,第7級,,4,1,"[['偶發', ['39663']]]",ㄡˇ ㄈㄚ,ǒufā,False,
12042,12043,蓬頭,精熟,第7級,,3,3,[],ㄆㄥˊ ㄊㄡˊ,péngtóu,False,
12073,12074,飄蕩,精熟,第7級,,3,1,"[['飄蕩', ['3090']]]",ㄆㄧㄠ ㄉㄤˋ,piāodàng,False,
12102,12103,平衡點,精熟,第7級,,3,7,[],ㄆㄧㄥˊ ㄏㄥˊ ㄉㄧㄢˇ,pínghéngdiǎn,False,
12104,12105,評鑑,精熟,第7級,,12,9,"[['評鑑', ['3383']]]",ㄆㄧㄥˊ ㄐㄧㄢˋ,píngjiàn,False,
12112,12113,平心靜氣,精熟,第7級,,3,1,"[['平心靜氣', ['3331']]]",ㄆㄧㄥˊ ㄒㄧㄣ ㄐㄧㄥˋ ㄑㄧˋ,píngxīnjìngqì,False,
12119,12120,頗負盛名,精熟,第7級,,0,0,[],ㄆㄛˇㄈㄨˋㄕㄥˋ ㄇㄧㄥˊ,pǒfùshèngmíng,False,
12128,12129,剖開,精熟,第7級,,3,2,"[['剖開', ['2738']]]",ㄆㄡˇ ㄎㄞ,pǒukāi,False,
12142,12143,淒慘,精熟,第7級,,4,1,"[['淒慘', ['24384']]]",ㄑㄧ ㄘㄢˇ,qīcǎn,False,
12177,12178,起舞,精熟,第7級,,7,0,[],ㄑㄧˇ ㄨˇ,qǐwǔ,False,
12183,12184,起疑,精熟,第7級,,4,0,"[['起疑', ['24611']]]",ㄑㄧˇ ㄧˊ,qǐyí,False,
12232,12233,前座,精熟,第7級,,3,1,[],ㄑㄧㄢˊ ㄗㄨㄛˋ,qiánzuò,False,
12235,12236,強固,精熟,第7級,,3,0,[],ㄑㄧㄤˊ ㄍㄨˋ,qiánggù,False,
12253,12254,巧遇,精熟,第7級,,3,3,"[['巧遇', ['24924']]]",ㄑㄧㄠˇ ㄩˋ,qiǎoyù,False,
12279,12280,勤於,精熟,第7級,,3,2,[],ㄑㄧㄣˊ ㄩˊ,qínyú,False,
12291,12292,輕忽,精熟,第7級,,5,4,"[['輕忽', ['25687']]]",ㄑㄧㄥ ㄏㄨ,qīnghū,False,
12304,12305,傾身,精熟,第7級,,3,0,[],ㄑㄧㄥ ㄕㄣ,qīngshēn,False,
12319,12320,請益,精熟,第7級,,2,1,"[['請益', ['25821']]]",ㄑㄧㄥˇ ㄧˋ,qǐngyì,False,
12333,12334,求診,精熟,第7級,,3,4,"[['求診', ['25007']]]",ㄑㄧㄡˊ ㄓㄣˇ,qiúzhěn,False,
12343,12344,屈膝,精熟,第7級,,3,0,"[['屈膝', ['25858']]]",ㄑㄩ ㄒㄧ,qūxī,False,
12368,12369,趨前,精熟,第7級,,3,0,[],ㄑㄩㄑㄧㄢˊ,qūqián,False,
12381,12382,人本,精熟,第7級,,5,2,[],ㄖㄣˊ ㄅㄣˇ,rénběn,False,
12383,12384,人和,精熟,第7級,,4,2,"[['人和', ['36100']]]",ㄖㄣˊ ㄏㄜˊ,rénhé,False,
12384,12385,人跡,精熟,第7級,,3,1,"[['人跡', ['36104']]]",ㄖㄣˊ ㄐㄧ,rénjī,False,
12385,12386,人來人往,精熟,第7級,,2,1,[],ㄖㄣˊ ㄌㄞˊ ㄖㄣˊ ㄨㄤˇ,rénláirénwǎng,False,
12386,12387,人面,精熟,第7級,,3,6,[],ㄖㄣˊ ㄇㄧㄢˋ,rénmiàn,False,
12400,12401,日曬,精熟,第7級,,3,9,[],ㄖˋ ㄕㄞˋ,rìshài,False,
12417,12418,如常,精熟,第7級,,3,1,"[['如常', ['36342']]]",ㄖㄨˊ ㄔㄤˊ,rúcháng,False,
12445,12446,三思,精熟,第7級,,4,1,"[['三思', ['38912']]]",ㄙㄢ ㄙ,sānsī,False,
12466,12467,殺身,精熟,第7級,,4,1,"[['殺身', ['33849']]]",ㄕㄚ ㄕㄣ,shāshēn,False,
12482,12483,擅於,精熟,第7級,,4,1,[],ㄕㄢˋ ㄩˊ,shànyú,False,
12487,12488,上策,精熟,第7級,,3,1,"[['上策', ['34947']]]",ㄕㄤˋ ㄘㄜˋ,shàngcè,False,
12495,12496,上昇,精熟,第7級,,4,1,[],ㄕㄤˋ ㄕㄥ,shàngshēng,False,
12507,12508,燒毀,精熟,第7級,,7,6,"[['燒毀', ['34038']]]",ㄕㄠ ㄏㄨㄟˇ,shāohuǐ,False,
12510,12511,稍作,精熟,第7級,,2,1,[],ㄕㄠ ㄗㄨㄛˋ,shāozuò,False,
12518,12519,涉水,精熟,第7級,,4,6,[],ㄕㄜˋ ㄕㄨㄟˇ,shèshuǐ,False,
12521,12522,設限,精熟,第7級,,3,3,"[['設限', ['33986']]]",ㄕㄜˋ ㄒㄧㄢˋ,shèxiàn,False,
12534,12535,深覺,精熟,第7級,,2,1,[],ㄕㄣ ㄐㄩㄝˊ,shēnjué,False,
12536,12537,神迷,精熟,第7級,,3,0,[],ㄕㄣˊ ㄇㄧˊ,shénmí,False,
12542,12543,身受,精熟,第7級,,3,2,"[['身受', ['34621']]]",ㄕㄣ ㄕㄡˋ,shēnshòu,False,
12546,12547,深鎖,精熟,第7級,,3,2,[],ㄕㄣ ㄙㄨㄛˇ,shēnsuǒ,False,
12558,12559,神遊,精熟,第7級,,2,0,"[['神遊', ['34740']]]",ㄕㄣˊ ㄧㄡˊ,shényóu,False,
12566,12567,深植,精熟,第7級,,4,3,[],ㄕㄣ ㄓˊ,shēnzhí,False,
12576,12577,昇華,精熟,第7級,,6,3,"[['昇華', ['35002']]]",ㄕㄥ ㄏㄨㄚˊ,shēnghuá,False,
12591,12592,聲色,精熟,第7級,,5,4,"[['聲色', ['35145']]]",ㄕㄥ ㄙㄜˋ,shēngsè,False,
12609,12610,身居,精熟,第7級,,3,0,[],ㄕㄣㄐㄩ,shēnjū,False,
12614,12615,使臣,精熟,第7級,,7,0,"[['使臣', ['33474']]]",ㄕˇ ㄔㄣˊ,shǐchén,False,
12639,12640,使力,精熟,第7級,,4,1,[],ㄕˇ ㄌㄧˋ,shǐlì,False,
12646,12647,士氣大振,精熟,第7級,,0,0,[],ㄕˋ ㄑㄧˋㄉㄚˋ ㄓㄣˋ,shìqìdàzhèn,False,
12678,12679,食指大動,精熟,第7級,,0,0,"[['食指大動', ['33350']]]",ㄕˊ ㄓˇ ㄉㄚˋ ㄉㄨㄥˋ,shízhǐdàdòng,False,
12689,12690,適於,精熟,第7級,,3,1,[],ㄕˋㄩˊ,shìyú,False,
12693,12694,受創,精熟,第7級,,4,2,[],ㄕㄡˋ ㄔㄨㄤ,shòuchuāng,False,
12697,12698,受罰,精熟,第7級,,3,0,"[['受罰', ['34297']]]",ㄕㄡˋ ㄈㄚˊ,shòufá,False,
12717,12718,首尾呼應,精熟,第7級,,0,0,[],ㄕㄡˇ ㄨㄟˇㄏㄨ ㄧㄥˋ,shǒuwěihūyìng,False,
12755,12756,率兵,精熟,第7級,,7,1,[],ㄕㄨㄞˋ ㄅㄧㄥ,shuàibīng,False,
12774,12775,說詞,精熟,第7級,,4,1,[],ㄕㄨㄛ ㄘˊ,shuōcí,False,
12822,12823,松林,精熟,第7級,,4,0,"[['松林', ['39279']]]",ㄙㄨㄥ ㄌㄧㄣˊ,sōnglín,False,
12832,12833,素色,精熟,第7級,,1,1,[],ㄙㄨˋ ㄙㄜˋ,sùsè,False,
12846,12847,隨興,精熟,第7級,,4,2,"[['隨興', ['39184']]]",ㄙㄨㄟˊ ㄒㄧㄥˋ,suíxìng,False,
12854,12855,所有人,精熟,第7級,,5,2,[],ㄙㄨㄛˇ ㄧㄡˇ ㄖㄣˊ,suǒyǒurén,False,
12857,12858,撻伐,精熟,第7級,,2,3,"[['撻伐', ['9957']]]",ㄊㄚˋ ㄈㄚ,tàfā,False,
12865,12866,抬頭挺胸,精熟,第7級,,2,3,"[['抬頭挺胸', ['10048']]]",ㄊㄞˊ ㄊㄡˊ ㄊㄧㄥˇ ㄒㄩㄥ,táitóutǐngxiōng,False,
12902,12903,滔天,精熟,第7級,,3,1,"[['滔天', ['10160']]]",ㄊㄠ ㄊㄧㄢ,tāotiān,False,
12935,12936,添購,精熟,第7級,,2,3,"[['添購', ['11243']]]",ㄊㄧㄢ ㄍㄡˋ,tiāngòu,False,
12939,12940,天昏地暗,精熟,第7級,,3,0,[],ㄊㄧㄢ ㄏㄨㄣ ㄉㄧˋ ㄢˋ,tiānhūndìàn,False,
13000,13001,同夥,精熟,第7級,,4,1,"[['同夥', ['11982']]]",ㄊㄨㄥˊ ㄏㄨㄛˇ,tónghuǒ,False,
13017,13018,桶子,精熟,第7級,,4,10,"[['桶子', ['12080']]]",ㄊㄨㄥˇ ˙ㄗ,tǒngzi,False,
13052,13053,徒增,精熟,第7級,,2,1,[],ㄊㄨˊ ㄗㄥ,túzēng,False,
13061,13062,退居,精熟,第7級,,3,1,"[['退居', ['11781']]]",ㄊㄨㄟˋ ㄐㄩ,tuìjū,False,
13083,13084,託付,精熟,第7級,,3,1,"[['託付', ['11587']]]",ㄊㄨㄛ ㄈㄨˋ,tuōfù,False,
13133,13134,尾端,精熟,第7級,,3,2,"[['尾端', ['43460']]]",ㄨㄟˇ ㄉㄨㄢ,wěiduān,False,
13139,13140,為害,精熟,第7級,,2,1,"[['為害', ['43341']]]",ㄨㄟˊ ㄏㄞˋ,wéihài,False,
13162,13163,娓娓道來,精熟,第7級,,3,1,"[['娓娓道來', ['43470']]]",ㄨㄟˇ ㄨㄟˇ ㄉㄠˋ ㄌㄞˊ,wěiwěidàolái,False,
13166,13167,為宜,精熟,第7級,,3,0,[],ㄨㄟˊ ㄧˊ,wéiyí,False,
13213,13214,無懼,精熟,第7級,,3,1,[],ㄨˊ ㄐㄩˋ,wújù,False,
13220,13221,無門,精熟,第7級,,3,1,[],ㄨˊㄇㄣˊ,wúmén,False,
13224,13225,無奇,精熟,第7級,,2,1,[],ㄨˊ ㄑㄧˊ,wúqí,False,
13236,13237,無畏,精熟,第7級,,3,1,"[['無畏', ['42881']]]",ㄨˊ ㄨㄟˋ,wúwèi,False,
13245,13246,無依,精熟,第7級,,2,2,[],ㄨˊ ㄧ,wúyī,False,
13247,13248,無憂,精熟,第7級,,3,1,[],ㄨˊ ㄧㄡ,wúyōu,False,
13265,13266,細讀,精熟,第7級,,3,0,[],ㄒㄧˋ ㄉㄨˊ,xìdú,False,
13277,13278,嬉鬧,精熟,第7級,,2,1,"[['嬉鬧', ['26320']]]",ㄒㄧ ㄋㄠˋ,xīnào,False,
13294,13295,嘻嘻哈哈,精熟,第7級,,2,1,[],ㄒㄧ ㄒㄧ ㄏㄚ ㄏㄚ,xīxīhāhā,False,
13296,13297,細想,精熟,第7級,,3,0,[],ㄒㄧˋ ㄒㄧㄤˇ,xìxiǎng,False,
13300,13301,繫於,精熟,第7級,,4,1,[],ㄒㄧˋ ㄩˊ,xìyú,False,
13308,13309,下肚,精熟,第7級,,4,1,[],ㄒㄧㄚˋ ㄉㄨˋ,xiàdù,False,
13318,13319,下嚥,精熟,第7級,,3,1,"[['下嚥', ['45292']]]",ㄒㄧㄚˋ ㄧㄢˋ,xiàyàn,False,
13328,13329,閒話家常,精熟,第7級,,2,1,"[['閒話家常', ['27369']]]",ㄒㄧㄢˊ ㄏㄨㄚˋ ㄐㄧㄚ ㄔㄤˊ,xiánhuàjiācháng,False,
13363,13364,相告,精熟,第7級,,3,0,[],ㄒㄧㄤ ㄍㄠˋ,xiānggào,False,
13371,13372,相讓,精熟,第7級,,2,0,"[['相讓', ['27902']]]",ㄒㄧㄤ ㄖㄤˋ,xiāngràng,False,
13376,13377,鄉野,精熟,第7級,,3,2,"[['鄉野', ['27984']]]",ㄒㄧㄤ ㄧㄝˇ,xiāngyě,False,
13380,13381,相知,精熟,第7級,,3,3,"[['相知', ['27893']]]",ㄒㄧㄤ ㄓ,xiāngzhī,False,
13382,13383,詳加,精熟,第7級,,3,1,[],ㄒㄧㄤˊㄐㄧㄚ,xiángjiā,False,
13415,13416,洩露,精熟,第7級,,4,1,"[['洩露', ['26835']]]",ㄒㄧㄝˋ ㄌㄨˋ,xièlù,False,
13428,13429,心不甘情不願,精熟,第7級,,2,2,[],ㄒㄧㄣ ㄅㄨˋ ㄍㄢ ㄑㄧㄥˊㄅㄨˊㄩㄢˋ,xīnbùgānqíngbúyuàn,False,
13432,13433,心防,精熟,第7級,,3,1,[],ㄒㄧㄣ ㄈㄤˊ,xīnfáng,False,
13438,13439,薪火,精熟,第7級,,1,0,[],ㄒㄧㄣ ㄏㄨㄛˇ,xīnhuǒ,False,
13446,13447,心路歷程,精熟,第7級,,4,4,"[['心路歷程', ['27612']]]",ㄒㄧㄣ ㄌㄨˋ ㄌㄧˋ ㄔㄥˊ,xīnlùlìchéng,False,
13447,13448,心念,精熟,第7級,,4,8,"[['心念', ['27602']]]",ㄒㄧㄣ ㄋㄧㄢˋ,xīnniàn,False,
13458,13459,心窩,精熟,第7級,,2,1,"[['心窩', ['27699']]]",ㄒㄧㄣ ㄨㄛ,xīnwō,False,
13487,13488,省思,精熟,第7級,,6,16,"[['省思', ['28282']]]",ㄒㄧㄥˇ ㄙ,xǐngsī,False,
13489,13490,形塑,精熟,第7級,,7,2,[],ㄒㄧㄥˊ ㄙㄨˋ,xíngsù,False,
13506,13507,熊熊烈火,精熟,第7級,,0,0,[],ㄒㄩㄥˊ ㄒㄩㄥˊㄌㄧㄝˋ ㄏㄨㄛˇ,xióngxiónglièhuǒ,False,
13568,13569,學養,精熟,第7級,,2,2,"[['學養', ['28524']]]",ㄒㄩㄝˊ ㄧㄤˇ,xuéyǎng,False,
13576,13577,迅雷不及掩耳,精熟,第7級,,2,1,"[['迅雷不及掩耳', ['28768']]]",ㄒㄩㄣˋ ㄌㄟˊ ㄅㄨˋ ㄐㄧˊ ㄧㄢˇ ㄦˇ,xùnléibùjíyǎněr,False,
13577,13578,訓練有素,精熟,第7級,,4,2,[],ㄒㄩㄣˋ ㄌㄧㄢˋ ㄧㄡˇ ㄙㄨˋ,xùnliànyǒusù,False,
13582,13583,勳章,精熟,第7級,,4,1,[],ㄒㄩㄣ ㄓㄤ,xūnzhāng,False,
13594,13595,壓軸,精熟,第7級,,1,1,"[['壓軸', ['40803']]]",ㄧㄚ ㄓㄡˊ,yāzhóu,False,
13597,13598,岩壁,精熟,第7級,,3,3,"[['岩壁', ['41701']]]",ㄧㄢˊ ㄅㄧˋ,yánbì,False,
13606,13607,眼花撩亂,精熟,第7級,,4,3,"[['眼花撩亂', ['41813']]]",ㄧㄢˇ ㄏㄨㄚ ㄌㄧㄠˊ ㄌㄨㄢˋ,yǎnhuāliáoluàn,False,
13608,13609,沿街,精熟,第7級,,3,2,"[['沿街', ['41688']]]",ㄧㄢˊ ㄐㄧㄝ,yánjiē,False,
13613,13614,豔麗,精熟,第7級,,2,1,"[['豔麗', ['41921']]]",ㄧㄢˋ ㄌㄧˋ,yànlì,False,
13630,13631,豔陽,精熟,第7級,,3,3,"[['豔陽', ['41923']]]",ㄧㄢˋ ㄧㄤˊ,yànyáng,False,
13631,13632,研議,精熟,第7級,,1,1,"[['研議', ['41681']]]",ㄧㄢˊ ㄧˋ,yányì,False,
13638,13639,揚棄,精熟,第7級,,3,1,"[['揚棄', ['42280']]]",ㄧㄤˊ ㄑㄧˋ,yángqì,False,
13648,13649,藥廠,精熟,第7級,,5,3,"[['藥廠', ['41176']]]",ㄧㄠˋ ㄔㄤˇ,yàochǎng,False,
13662,13663,要脅,精熟,第7級,,2,1,"[['要脅', ['41023']]]",ㄧㄠ ㄒㄧㄝˊ,yāoxié,False,
13670,13671,野心勃勃,精熟,第7級,,3,1,"[['野心勃勃', ['40902']]]",ㄧㄝˇ ㄒㄧㄣ ㄅㄛˊ ㄅㄛˊ,yěxīnbóbó,False,
13681,13682,一臂之力,精熟,第7級,,3,2,"[['一臂之力', ['39976']]]",ㄧˊ ㄅㄧˋ ㄓ ㄌㄧˋ,yíbìzhīlì,False,
13692,13693,一動也不動,精熟,第7級,,0,0,[],ㄧˊ ㄉㄨㄥˋ ㄧㄝˇ ㄅㄨˊ ㄉㄨㄥˋ,yídòngyěbúdòng,False,
13719,13720,一屁股,精熟,第7級,,3,0,[],ㄧˊ ㄆㄧˋ ㄍㄨˇ,yípìgǔ,False,
13720,13721,藝品,精熟,第7級,,2,5,"[['藝品', ['40729']]]",ㄧˋ ㄆㄧㄣˇ,yìpǐn,False,
13722,13723,意氣,精熟,第7級,,3,1,"[['意氣', ['40674']]]",ㄧˋ ㄑㄧˋ,yìqì,False,
13737,13738,一聲令下,精熟,第7級,,2,2,"[['一聲令下', ['40191']]]",ㄧˋ ㄕㄥ ㄌㄧㄥˋ ㄒㄧㄚˋ,yìshēnglìngxià,False,
13753,13754,藝文,精熟,第7級,,5,4,"[['藝文', ['40741']]]",ㄧˋ ㄨㄣˊ,yìwén,False,
13767,13768,依樣,精熟,第7級,,3,1,[],ㄧ ㄧㄤˋ,yīyàng,False,
13773,13774,一隅,精熟,第7級,,4,1,"[['一隅', ['40237']]]",ㄧˋ ㄩˊ,yìyú,False,
13776,13777,一朝,精熟,第7級,,3,2,"[['一朝', ['40158']]]",ㄧˋ ㄓㄠ,yìzhāo,False,
13793,13794,引介,精熟,第7級,,3,2,"[['引介', ['42116']]]",ㄧㄣˇ ㄐㄧㄝˋ,yǐnjiè,False,
13830,13831,迎向,精熟,第7級,,4,4,"[['迎向', ['42458']]]",ㄧㄥˊ ㄒㄧㄤˋ,yíngxiàng,False,
13833,13834,影藝,精熟,第7級,,6,0,[],ㄧㄥˇ ㄧˋ,yǐngyì,False,
13838,13839,硬仗,精熟,第7級,,3,1,"[['硬仗', ['42566']]]",ㄧㄥˋ ㄓㄤˋ,yìngzhàng,False,
13842,13843,擁立,精熟,第7級,,4,0,[],ㄩㄥˇ ㄌㄧˋ,yǒnglì,False,
13851,13852,有礙,精熟,第7級,,3,1,[],ㄧㄡˇ ㄞˋ,yǒuài,False,
13853,13854,右臂,精熟,第7級,,3,0,[],ㄧㄡˋ ㄅㄧˋ,yòubì,False,
13862,13863,有鑑於此,精熟,第7級,,2,0,"[['有鑑於此', ['41454']]]",ㄧㄡˇ ㄐㄧㄢˋ ㄩˊ ㄘˇ,yǒujiànyúcǐ,False,
13874,13875,有生之年,精熟,第7級,,4,3,"[['有生之年', ['41489']]]",ㄧㄡˇ ㄕㄥ ㄓ ㄋㄧㄢˊ,yǒushēngzhīnián,False,
13888,13889,悠遊,精熟,第7級,,2,5,"[['悠遊', ['45359']]]",ㄧㄡ ㄧㄡˊ,yōuyóu,False,
13923,13924,鬱鬱,精熟,第7級,,5,2,"[['鬱鬱', ['44562']]]",ㄩˋ ㄩˋ,yùyù,False,
13928,13929,遠播,精熟,第7級,,3,1,"[['遠播', ['44862']]]",ㄩㄢˇ ㄅㄛˋ,yuǎnbò,False,
13955,13956,源源,精熟,第7級,,3,2,[],ㄩㄢˊ ㄩㄢˊ,yuányuán,False,
13988,13989,讚譽,精熟,第7級,,4,1,"[['讚譽', ['37282']]]",ㄗㄢˋ ㄩˋ,zànyù,False,
14002,14003,造影,精熟,第7級,,9,0,[],ㄗㄠˋㄧㄥˇ,zàoyǐng,False,
14021,14022,宅邸,精熟,第7級,,13,1,[],ㄓㄞˊ ㄉㄧˇ,zháidǐ,False,
14028,14029,戰果,精熟,第7級,,4,0,"[['戰果', ['29895']]]",ㄓㄢˋ ㄍㄨㄛˇ,zhànguǒ,False,
14050,14051,章法,精熟,第7級,,4,1,"[['章法', ['30114']]]",ㄓㄤ ㄈㄚˇ,zhāngfǎ,False,
14065,14066,召來,精熟,第7級,,3,0,[],ㄓㄠˋ ㄌㄞˊ,zhàolái,False,
14104,14105,震天,精熟,第7級,,3,1,[],ㄓㄣˋ ㄊㄧㄢ,zhèntiān,False,
14107,14108,真義,精熟,第7級,,3,0,"[['真義', ['29998']]]",ㄓㄣ ㄧˋ,zhēnyì,False,
14134,14135,正題,精熟,第7級,,3,0,[],ㄓㄥˋ ㄊㄧˊ,zhèngtí,False,
14136,14137,正途,精熟,第7級,,3,1,"[['正途', ['30364']]]",ㄓㄥˋ ㄊㄨˊ,zhèngtú,False,
14163,14164,智慧型,精熟,第7級,,7,7,[],ㄓˋ ㄏㄨㄟˋ ㄒㄧㄥˊ,zhìhuìxíng,False,
14182,14183,志士,精熟,第7級,,4,1,"[['志士', ['29305']]]",ㄓˋ ㄕˋ,zhìshì,False,
14186,14187,直挺挺,精熟,第7級,,3,1,"[['直挺挺', ['28996']]]",ㄓˊ ㄊㄧㄥˇ ㄊㄧㄥˇ,zhítǐngtǐng,False,
14193,14194,執行不力,精熟,第7級,,0,0,[],ㄓˊ ㄒㄧㄥˊㄅㄨˊ ㄌㄧˋ,zhíxíngbúlì,False,
14196,14197,志業,精熟,第7級,,4,22,"[['志業', ['29307']]]",ㄓˋ ㄧㄝˋ,zhìyè,False,
14205,14206,直指,精熟,第7級,,4,1,[],ㄓˊ ㄓˇ,zhízhǐ,False,
14209,14210,隻字片語,精熟,第7級,,0,0,"[['隻字片語', ['28979']]]",ㄓ ㄗˋ ㄆㄧㄢˋ ㄩˇ,zhīzìpiànyǔ,False,
14215,14216,終歸,精熟,第7級,,2,1,"[['終歸', ['31235']]]",ㄓㄨㄥ ㄍㄨㄟ,zhōngguī,False,
14225,14226,終其一生,精熟,第7級,,6,3,[],ㄓㄨㄥ ㄑㄧˊ ㄧˋ ㄕㄥ,zhōngqíyìshēng,False,
14229,14230,眾所皆知,精熟,第7級,,2,2,[],ㄓㄨㄥˋ ㄙㄨㄛˇ ㄐㄧㄝ ㄓ,zhòngsuǒjiēzhī,False,
14241,14242,終至,精熟,第7級,,3,1,[],ㄓㄨㄥ ㄓˋ,zhōngzhì,False,
14261,14262,註明,精熟,第7級,,5,1,"[['註明', ['30708']]]",ㄓㄨˋ ㄇㄧㄥˊ,zhùmíng,False,
14270,14271,主政,精熟,第7級,,4,2,[],ㄓㄨˇ ㄓㄥˋ,zhǔzhèng,False,
14275,14276,專精,精熟,第7級,,5,3,"[['專精', ['30917']]]",ㄓㄨㄢ ㄐㄧㄥ,zhuānjīng,False,
14286,14287,專文,精熟,第7級,,3,0,[],ㄓㄨㄢ ㄨㄣˊ,zhuānwén,False,
14303,14304,追根究柢,精熟,第7級,,5,1,"[['追根究柢', ['30852']]]",ㄓㄨㄟ ㄍㄣ ㄐㄧㄡˋ ㄉㄧˇ,zhuīgēnjiùdǐ,False,
14321,14322,逐字,精熟,第7級,,2,1,[],ㄓㄨˊㄗˋ,zhúzì,False,
14336,14337,自憐,精熟,第7級,,4,0,"[['自憐', ['36808']]]",ㄗˋ ㄌㄧㄢˊ,zìlián,False,
14351,14352,自許,精熟,第7級,,2,2,"[['自許', ['36849']]]",ㄗˋ ㄒㄩˇ,zìxǔ,False,
14354,14355,自已,精熟,第7級,,5,2,[],ㄗˋ ㄧˇ,zìyǐ,False,
14374,14375,走下坡,精熟,第7級,,4,2,"[['走下坡', ['37231']]]",ㄗㄡˇ ㄒㄧㄚˋ ㄆㄛ,zǒuxiàpō,False,
14377,14378,奏章,精熟,第7級,,8,0,[],ㄗㄡˋ ㄓㄤ,zòuzhāng,False,
14413,14414,坐視,精熟,第7級,,3,1,"[['坐視', ['37476']]]",ㄗㄨㄛˋ ㄕˋ,zuòshì,False,
14414,14415,作詩,精熟,第7級,,4,0,[],ㄗㄨㄛˋ ㄕ,zuòshī,False,
